<?xml version="1.0" encoding="UTF-8"?>
<project-private xmlns="http://www.netbeans.org/ns/project-private/1">
    <editor-bookmarks xmlns="http://www.netbeans.org/ns/editor-bookmarks/2" lastBookmarkId="0"/>
    <open-files xmlns="http://www.netbeans.org/ns/projectui-open-files/2">
        <group>
            <file>file:/C:/wamp/www/obc/admin/user.php</file>
            <file>file:/C:/wamp/www/obc/admin/inc/database.php</file>
            <file>file:/C:/wamp/www/obc/admin/inc/sidebar.php</file>
            <file>file:/C:/wamp/www/obc/admin/dashboard.php</file>
            <file>file:/C:/wamp/www/obc/admin/add_user.php</file>
            <file>file:/C:/wamp/www/obc/admin/delete_user.php</file>
            <file>file:/C:/wamp/www/obc/admin/update_user.php</file>
        </group>
    </open-files>
</project-private>
